Database,Creation,Bulk Insertion,Batch Insertion,Reading,Updating,Deleting,Memory Usage
PostgreSQL,0.003905773,96.43332052,79.75668097,0.505959749,4.061434746,2.17878747,Low
MongoDB,0.002384663,8.519765,7.503891468,4.176774025,296.369066,229.1840758,Low
Cassandra,0.554058552,370.7326889,339.251,4.411756039,636.1679862,263.9174118,High
Redis,0.001110792,103.7646234,103.4963474,74.31328344,182.5921853,37.49143052,Low
Neo4j,0.063910246,3459.440174,3601.196009,62.81365514,33.76395726,3355.340473,Extremely High
