Database,Creation,Bulk Insertion,Batch Insertion,Reading,Updating,Deleting,Memory Usage
PostgreSQL,0.012551546,134.2190611,142.2256768,0.780382,79.9573431,49.88350654,Low
MongoDB,0.001479,11.6096561,21.75638604,6.087698,293.8425362,231.6255879,Low
Cassandra,0.637714863,404.3991868,407.1113646,7921.88,405.7728195,254.4858463,High
Redis,0.000598,153.0053806,140.5859776,7745.732,51.24177146,37.08331776,Low
Neo4j,0.156678677,3695.816223,4728.145861,65.02913,3732.317911,3663.466218,Extremely High
